Town_City,County,"Capital, Establishments Reporting","Aggregate Capital, Manufacturers",Average Capital per Manufacturer,"Value of Raw Materials, Establishments Reporting","Aggregate Value of Raw Materials, Manufacturers",Average Value of Raw Materials per Manufacturer,"Value of Products, Establishments Reporting","Aggregate Value of Products, Manufacturers",Average Value of Products per Manufacturer
New York State,All ,9470 (54.04%),"$119,378,310","$12,606",8042 (45.90%),"$113,449,645","$14,107",8428 (48.10%),"$224,497,106","$26,637"
Albany,Albany,155,"$4,334,500","$27,965",132,"$4,907,745","$37,180",147,"$9,108,428","$61,962"
Berne,Albany,5,"$4,150",$830,4,$796,$199,5,"$4,637",$927
Bethlehem,Albany,1,$450,$450,1,$315,$315,1,"$1,292","$1,292"
Coeymans,Albany,16,"$30,125","$1,883",17,"$20,015","$1,177",18,"$39,650","$2,203"
Guilderland,Albany,6,"$8,300","$1,383",4,"$2,500",$625,4,"$7,560","$1,890"
Knox,Albany,0,$0,,0,$0,,0,$0,
New Scotland,Albany,0,$0,,0,$0,,0,$0,
Rensselaerville,Albany,9,"$8,250",$917,9,"$5,626",$625,7,"$9,505","$1,358"
Watervilet,Albany,60,"$3,029,300","$50,488",55,"$3,189,445","$57,990",54,"$6,355,700","$117,698"
Westerlo,Albany,8,"$5,600",$700,7,"$7,234","$1,033",7,"$11,239","$1,606"
Alfred,Allegany,3,"$1,475",$492,1,"$1,300","$1,300",1,"$2,700","$2,700"
Allen,Allegany,1,$500,$500,2,$150,$75,1,$500,$500
Alma,Allegany,3,"$3,000","$1,000",0,$0,,3,"$6,200","$2,067"
Almond,Allegany,2,"$30,600","$15,300",2,"$16,200","$8,100",2,"$49,000","$24,500"
Amity,Allegany,6,"$22,950","$3,825",6,"$24,746","$4,124",7,"$33,990","$4,856"
Andover,Allegany,7,"$9,800","$1,400",7,"$4,525",$646,7,"$12,500","$1,786"
Angelica,Allegany,3,"$7,000","$2,333",3,"$4,100","$1,367",3,"$9,700","$3,233"
Belfast,Allegany,4,"$6,200","$1,550",4,"$2,350",$588,5,"$9,100","$1,820"
Birdsall,Allegany,0,$0,,0,$0,,0,$0,
Bolivar,Allegany,5,"$8,100","$1,620",5,"$7,000","$1,400",5,"$6,275","$1,255"
Burns,Allegany,2,"$2,400","$1,200",1,$200,$200,2,"$17,000","$8,500"
Caneadea,Allegany,6,"$6,425","$1,071",5,"$1,810",$362,6,"$7,300","$1,217"
Centerville,Allegany,5,"$3,150",$630,6,"$3,480",$580,6,"$8,236","$1,373"
Clarksville,Allegany,0,$0,,0,$0,,0,$0,
Cuba,Allegany,0,$0,,0,$0,,0,$0,
Friendship,Allegany,0,$0,,0,$0,,0,$0,
Genesee,Allegany,8,"$5,650",$706,5,"$2,710",$542,8,"$16,670","$2,084"
Granger,Allegany,0,$0,,0,$0,,0,$0,
Grove,Allegany,0,$0,,0,$0,,0,$0,
Hume,Allegany,3,"$37,200","$12,400",3,"$77,271","$25,757",3,"$115,542","$38,514"
Independence,Allegany,7,"$7,150","$1,021",6,"$1,845",$308,6,"$7,350","$1,225"
New Hudson,Allegany,3,"$1,400",$467,3,$725,$242,2,"$1,300",$650
Rushford,Allegany,7,"$3,300",$471,7,"$2,795",$399,7,"$6,700",$957
Scio,Allegany,17,"$14,550",$856,16,"$18,575","$1,161",16,"$55,800","$3,488"
Ward,Allegany,0,$0,,0,$0,,0,$0,
Wellsville,Allegany,3,"$20,000","$6,667",3,"$15,500","$5,167",3,"$53,000","$17,667"
West Almond,Allegany,0,$0,,0,$0,,0,$0,
Willing,Allegany,0,$0,,0,$0,,0,$0,
Wirt,Allegany,1,"$2,000","$2,000",1,$163,$163,1,$441,$441
Barker,Broome,1,"$2,000","$2,000",1,"$1,494","$1,494",1,"$2,500","$2,500"
Binghamton,Broome,42,"$406,200","$9,671",33,"$141,930","$4,301",37,"$650,005","$17,568"
Chenango,Broome,0,$0,,0,$0,,0,$0,
Colesville,Broome,22,"$13,095",$595,14,"$9,728",$695,18,"$25,300","$1,406"
Conkin,Broome,1,"$20,000","$20,000",1,"$4,500","$4,500",0,$0,
Kirkwood,Broome,2,$400,$200,0,$0,,0,$0,
Lisle,Broome,0,$0,,0,$0,,0,$0,
Maine,Broome,4,$0,,0,$0,,0,$0,
Nanticoke,Broome,2,"$1,800",$900,2,"$2,100","$1,050",2,"$3,360","$1,680"
Port Crane,Broome,0,$0,,0,$0,,0,$0,
Sanford,Broome,0,$0,,0,$0,,0,$0,
Triangle,Broome,6,"$3,015",$503,7,"$5,375",$768,7,"$9,700","$1,386"
Union,Broome,2,"$7,000","$3,500",1,$600,$600,2,"$9,400","$4,700"
Vestal,Broome,0,$0,,0,$0,,0,$0,
Windsor,Broome,9,"$6,375",$708,3,"$6,925","$2,308",2,"$13,500","$6,750"
Allegany,Cattaraugus,0,$0,,0,$0,,0,$0,
Ashford,Cattaraugus,8,"$2,500",$313,8,"$2,740",$343,8,"$8,700","$1,088"
Carrolton,Cattaraugus,0,$0,,0,$0,,0,$0,
Cold Spring,Cattaraugus,9,"$5,990",$666,9,"$13,346","$1,483",7,"$17,405","$2,486"
Conewango,Cattaraugus,4,"$1,550",$388,4,"$1,799",$450,4,"$5,275","$1,319"
Dayton,Cattaraugus,4,"$3,600",$900,4,"$2,000",$500,4,"$5,800","$1,450"
East Otto,Cattaraugus,0,$0,,0,$0,,0,$0,
Ellicottsville,Cattaraugus,12,"$26,460","$2,205",13,"$44,475","$3,421",13,"$91,700","$7,054"
Farmersville,Cattaraugus,2,"$4,200","$2,100",2,$660,$330,2,"$3,500","$1,750"
Franklinville,Cattaraugus,1,"$15,000","$15,000",1,"$7,500","$7,500",1,"$15,000","$15,000"
Freedom,Cattaraugus,6,"$5,425",$904,6,"$5,379",$897,5,"$3,902",$780
Great Valley,Cattaraugus,0,$0,,0,$0,,0,$0,
Hinsdale,Cattaraugus,7,"$3,250",$464,7,"$2,960",$423,6,"$7,050","$1,175"
Humphrey,Cattaraugus,1,$200,$200,0,$0,,0,$0,
Ischua,Cattaraugus,0,$0,,0,$0,,0,$0,
Leon,Cattaraugus,2,"$1,800",$900,2,"$1,080",$540,2,"$4,600","$2,300"
Little Valley,Cattaraugus,5,"$1,900",$380,2,$230,$115,3,"$1,200",$400
Lyndon,Cattaraugus,0,$0,,0,$0,,0,$0,
Machias,Cattaraugus,3,$750,$250,3,"$1,900",$633,3,"$4,200","$1,400"
Mansfield,Cattaraugus,0,$0,,0,$0,,0,$0,
Napoli,Cattaraugus,2,$900,$450,2,$290,$145,2,"$1,170",$585
New Albion,Cattaraugus,11,"$1,925",$175,11,"$3,887",$353,11,"$9,543",$868
Olean,Cattaraugus,11,"$45,600","$4,145",11,"$37,097","$3,372",11,"$71,650","$6,514"
Otto,Cattaraugus,7,"$7,050","$1,007",7,"$7,240","$1,034",7,"$16,278","$2,325"
Perrysburgh,Cattaraugus,16,"$10,575",$661,16,"$8,875",$555,15,"$16,300","$1,087"
Persia,Cattaraugus,17,"$10,432",$614,17,"$14,803",$871,17,"$28,897","$1,700"
Portville,Cattaraugus,0,$0,,0,$0,,0,$0,
Randolph,Cattaraugus,5,"$14,900","$2,980",5,"$3,874",$775,5,"$16,350","$3,270"
Salamanca,Cattaraugus,0,$0,,0,$0,,0,$0,
South Valley,Cattaraugus,1,"$1,400","$1,400",1,$600,$600,1,"$1,600","$1,600"
Yorkshire,Cattaraugus,23,"$11,460",$498,17,"$13,684",$805,21,"$25,880","$1,232"
Auburn,Cayuga,48,"$1,788,025","$37,251",43,"$1,265,660","$29,434",45,"$2,822,025","$62,712"
Aurelius,Cayuga,0,$0,,0,$0,,0,$0,
Brutus,Cayuga,17,"$16,450",$968,9,"$5,250",$583,5,"$5,800","$1,160"
Cato,Cayuga,6,"$8,900","$1,483",5,"$2,690",$538,6,"$14,507","$2,418"
Conquest,Cayuga,2,"$1,600",$800,2,$450,$225,2,"$3,000","$1,500"
Fleming,Cayuga,0,$0,,0,$0,,0,$0,
Genoa,Cayuga,5,"$13,486","$2,697",5,"$6,319","$1,264",5,"$10,851","$2,170"
Ira,Cayuga,16,"$11,325",$708,10,"$5,700",$570,14,"$17,150","$1,225"
Ledyard,Cayuga,1,"$20,000","$20,000",1,"$22,688","$22,688",1,"$112,375","$112,375"
Locke,Cayuga,0,$0,,0,$0,,0,$0,
Mentz,Cayuga,17,"$39,355","$2,315",15,"$22,862","$1,524",15,"$29,956","$1,997"
Montezuma,Cayuga,1,"$3,800","$3,800",1,$260,$260,1,"$2,400","$2,400"
Moravia,Cayuga,16,"$23,450","$1,466",15,"$8,941",$596,14,"$22,112","$1,579"
Niles,Cayuga,5,"$1,150",$230,7,"$1,856",$265,6,"$4,400",$733
Owasco,Cayuga,12,"$4,450",$371,12,"$4,600",$383,12,"$11,750",$979
Scipio,Cayuga,2,$900,$450,2,$855,$428,2,"$1,481",$741
Sempronius,Cayuga,2,$300,$150,2,$225,$113,2,$975,$488
Sennett,Cayuga,4,"$2,700",$675,4,"$1,990",$498,3,"$3,700","$1,233"
Springport,Cayuga,11,"$48,300","$4,391",8,"$26,182","$3,273",10,"$69,149","$6,915"
Sterling,Cayuga,10,"$9,475",$948,9,"$6,431",$715,8,"$12,495","$1,562"
Summer Hill,Cayuga,0,$0,,0,$0,,0,$0,
Throop,Cayuga,3,"$2,600",$867,2,"$2,390","$1,195",2,"$1,565",$783
Venice,Cayuga,1,"$2,500","$2,500",0,$0,,1,"$1,300","$1,300"
Victory,Cayuga,4,"$5,000","$1,250",4,"$2,600",$650,4,"$7,200","$1,800"
Arkwright,Chautauqua,0,$0,,0,$0,,0,$0,
Busti,Chautauqua,0,$0,,0,$0,,0,$0,
Carroll,Chautauqua,1,$500,$500,1,$600,$600,1,"$1,600","$1,600"
Charlotte,Chautauqua,10,"$9,100",$910,10,"$13,231","$1,323",10,"$27,020","$2,702"
Chautauqua,Chautauqua,3,"$7,500","$2,500",3,$775,$258,3,"$5,000","$1,667"
Cherry Creek,Chautauqua,8,"$6,200",$775,6,"$1,722",$287,8,"$6,505",$813
Clymer,Chautauqua,30,"$9,893",$330,15,"$2,524",$168,23,"$11,010",$479
Dunkirk,Chautauqua,39,"$145,050","$3,719",38,"$494,723","$13,019",38,"$606,460","$15,959"
Ellery,Chautauqua,0,$0,,0,$0,,0,$0,
Ellicott ,Chautauqua,32,"$169,839","$5,307",30,"$214,301","$7,143",30,"$548,341","$18,278"
Ellington,Chautauqua,5,"$4,040",$808,2,$227,$114,3,"$1,790",$597
French Creek,Chautauqua,0,$0,,0,$0,,0,$0,
Gerry,Chautauqua,4,"$1,675",$419,4,$775,$194,4,"$2,500",$625
Hanover,Chautauqua,19,"$62,975","$3,314",18,"$29,208","$1,623",15,"$81,875","$5,458"
Harmony,Chautauqua,8,"$6,950",$869,6,"$3,304",$551,8,"$6,534",$817
Kiantone,Chautauqua,1,$150,$150,1,$450,$450,1,"$1,170","$1,170"
Mina,Chautauqua,0,$0,,0,$0,,0,$0,
Poland,Chautauqua,1,"$2,500","$2,500",1,$500,$500,1,"$1,500","$1,500"
Pomfret,Chautauqua,14,"$53,400","$3,814",14,"$24,689","$1,764",14,"$43,300","$3,093"
Portland,Chautauqua,6,"$3,475",$579,6,"$1,809",$302,6,"$4,951",$825
Ripley,Chautauqua,6,"$2,340",$390,6,"$2,370",$395,6,"$5,875",$979
Sheridan,Chautauqua,0,$0,,0,$0,,0,$0,
Sherman,Chautauqua,8,"$9,400","$1,175",8,"$6,975",$872,8,"$16,100","$2,013"
Stockton,Chautauqua,5,"$4,725",$945,5,"$2,148",$430,5,"$5,475","$1,095"
Villenova,Chautauqua,11,"$5,950",$541,9,"$12,470","$1,386",10,"$23,190","$2,319"
Westfield_C,Chautauqua,10,"$103,400","$10,340",8,"$15,080","$1,885",6,"$43,290","$7,215"
Baldwin,Chemung,0,$0,,0,$0,,0,$0,
Big Flats,Chemung,1,$150,$150,0,$0,,0,$0,
Catlin,Chemung,5,"$1,850",$370,5,"$1,530",$306,5,"$5,105","$1,021"
Chemung,Chemung,6,"$2,500",$417,4,"$1,175",$294,5,"$3,550",$710
Elmira,Chemung,70,"$525,965","$7,514",64,"$570,753","$8,918",70,"$1,119,035","$15,986"
Emira City,Chemung,8,"$157,000","$19,625",7,"$61,500","$8,786",8,"$600,500","$75,063"
Erin,Chemung,1,$300,$300,1,$300,$300,1,"$1,200","$1,200"
Horseheads,Chemung,5,"$33,150","$6,630",4,"$5,207","$1,302",7,"$102,151","$14,593"
Southport,Chemung,23,"$11,295",$491,18,"$9,393",$522,19,"$16,144",$850
Van Etten,Chemung,0,$0,,0,$0,,0,$0,
Veteran,Chemung,4,"$17,800","$4,450",4,"$8,950","$2,238",4,"$22,800","$5,700"
Afton,Chenango,4,"$20,500","$5,125",4,"$2,680",$670,4,"$9,450","$2,363"
Bainbridge,Chenango,8,"$5,850",$731,9,"$5,452",$606,9,"$11,465","$1,274"
Columbus,Chenango,4,$950,$238,4,$707,$177,4,"$1,961",$490
Coventry,Chenango,8,"$4,365",$546,6,"$2,450",$408,8,"$7,887",$986
German,Chenango,2,"$3,100","$1,550",1,$150,$150,2,"$4,312","$2,156"
Greene,Chenango,14,"$10,685",$763,13,"$3,455",$266,12,"$15,700","$1,308"
Guilford,Chenango,7,"$14,500","$2,071",7,"$4,400",$629,4,"$10,800","$2,700"
Lincklaen,Chenango,3,"$1,150",$383,4,$655,$164,4,"$2,050",$513
McDonough,Chenango,6,"$3,100",$517,6,"$3,520",$587,6,"$8,810","$1,468"
New Berlin,Chenango,30,"$16,855",$562,14,"$6,130",$438,27,"$26,689",$988
North Norwich,Chenango,1,$500,$500,1,"$2,250","$2,250",1,"$3,500","$3,500"
Norwich,Chenango,34,"$175,700","$5,168",29,"$125,135","$4,315",27,"$320,964","$11,888"
Otselic,Chenango,6,"$2,455",$409,5,"$3,125",$625,4,"$3,330",$833
Oxford,Chenango,9,"$79,125","$8,792",10,"$16,862","$1,686",9,"$66,708","$7,412"
Pharsalia,Chenango,0,$0,,0,$0,,0,$0,
Pitcher,Chenango,10,"$8,930",$893,10,"$10,438","$1,044",10,"$18,000","$1,800"
Plymouth,Chenango,5,"$1,550",$310,5,"$1,350",$270,5,"$4,000",$800
Preston,Chenango,3,"$2,400",$800,1,$360,$360,0,$0,
Sherburne,Chenango,18,"$18,125","$1,007",17,"$24,839","$1,461",18,"$44,625","$2,479"
Smithville,Chenango,3,"$2,400",$800,3,$380,$127,2,"$1,400",$700
Smyrna,Chenango,7,"$4,260",$609,7,"$9,436","$1,348",6,"$17,854","$2,976"
Altona,Clinton,5,"$12,400","$2,480",5,"$10,175","$2,035",5,"$26,150","$5,230"
Ausable,Clinton,4,"$63,100","$15,775",3,"$74,389","$24,796",4,"$136,326","$34,082"
Beekmantown,Clinton,9,"$2,850",$317,8,"$3,103",$388,6,"$9,095","$1,516"
Black Brook,Clinton,8,"$73,400","$9,175",8,"$16,225","$2,028",8,"$153,350","$19,169"
Champlain,Clinton,10,"$102,800","$10,280",10,"$199,625","$19,963",10,"$307,500","$30,750"
Chazy,Clinton,9,"$18,100","$2,011",6,"$2,499",$417,6,"$7,040","$1,173"
Clinton_C,Clinton,1,$0,,0,$0,,0,$0,
Dannemora,Clinton,2,"$100,050","$50,025",2,"$200,000","$100,000",0,$0,
Ellenburgh,Clinton,4,"$9,000","$2,250",2,"$7,800","$3,900",3,"$13,240","$4,413"
Mooers,Clinton,5,"$7,600","$1,520",6,"$5,130",$855,6,"$13,800","$2,300"
Peru,Clinton,5,"$6,700","$1,340",5,"$2,710",$542,5,"$5,550","$1,110"
Plattsburgh,Clinton,33,"$174,536","$5,289",27,"$98,479","$3,647",32,"$391,850","$12,245"
Saranac,Clinton,0,$0,,0,$0,,0,$0,
Schuyler Falls,Clinton,10,"$20,850","$2,085",7,"$15,562","$2,223",10,"$31,245","$3,125"
Ancram,Columbia,2,"$1,100,000","$550,000",0,$0,,0,$0,
Austerlitz,Columbia,2,"$2,300","$1,150",1,"$5,000","$5,000",1,"$1,000","$1,000"
Canaan,Columbia,2,"$30,250","$15,125",1,$350,$350,1,"$10,000","$10,000"
Chatham,Columbia,8,"$30,200","$3,775",7,"$37,800","$5,400",4,"$8,250","$2,063"
Claverack,Columbia,16,"$239,300","$14,956",12,"$405,908","$33,826",12,"$617,158","$51,430"
Clermont,Columbia,6,"$7,400","$1,233",5,"$1,000",$200,1,$300,$300
Copake,Columbia,16,"$124,875","$7,805",14,"$10,623",$759,10,"$87,500","$8,750"
Gallatin,Columbia,4,"$3,900",$975,4,"$1,170",$293,3,"$2,830",$943
Germantown,Columbia,0,$0,,0,$0,,0,$0,
Ghent,Columbia,4,"$2,300",$575,4,"$3,650",$913,0,$0,
Greenport,Columbia,2,"$1,200",$600,0,$0,,6,"$22,800","$3,800"
Hillsdale,Columbia,5,"$5,300","$1,060",3,"$1,700",$567,3,"$3,600","$1,200"
Hudson,Columbia,10,"$400,180","$40,018",11,"$465,108","$42,283",9,"$537,648","$59,739"
Kinderhook,Columbia,31,"$63,410","$2,045",29,"$54,126","$1,866",26,"$102,880","$3,957"
Livingston,Columbia,11,"$9,380",$853,3,"$1,817",$606,4,"$5,864","$1,466"
New Lebanon,Columbia,7,"$6,100",$871,7,"$21,076","$3,011",7,"$35,102","$5,015"
Stockport,Columbia,1,"$2,200","$2,200",1,"$4,640","$4,640",1,"$5,400","$5,400"
Stuyvesant,Columbia,0,$0,,0,$0,,0,$0,
Taghkanick,Columbia,7,"$2,750",$393,7,"$2,960",$423,6,"$4,970",$828
Cincinnatus,Cortland,3,"$6,100","$2,033",3,"$4,640","$1,547",2,"$4,100","$2,050"
Cortlandville,Cortland,15,"$139,200","$9,280",12,"$62,870","$5,239",15,"$92,890","$6,193"
Cuyler,Cortland,2,"$5,250","$2,625",1,"$5,000","$5,000",1,"$5,000","$5,000"
Freetown,Cortland,1,$250,$250,1,$425,$425,1,$750,$750
Harford,Cortland,1,"$1,200","$1,200",1,$800,$800,1,"$1,350","$1,350"
Homer,Cortland,24,"$78,955","$3,290",22,"$55,895","$2,541",23,"$118,240","$5,141"
Lapeer,Cortland,0,$0,,0,$0,,0,$0,
Marathon,Cortland,8,"$7,100",$888,8,"$7,325",$916,8,"$17,500","$2,188"
Preble,Cortland,6,"$2,225",$371,6,"$2,700",$450,6,"$9,940","$1,657"
Scott,Cortland,4,"$4,500","$1,125",4,"$29,500","$7,375",1,"$35,000","$35,000"
Solon,Cortland,0,$0,,0,$0,,0,$0,
Taylor,Cortland,0,$0,,0,$0,,0,$0,
Truxton,Cortland,4,"$4,500","$1,125",4,"$3,608",$902,4,"$9,534","$2,384"
Virgil,Cortland,0,$0,,0,$0,,0,$0,
Willett,Cortland,0,$0,,0,$0,,0,$0,
Andes,Delaware,12,"$8,750",$729,9,"$7,845",$872,7,"$16,400","$2,343"
Bovina,Delaware,13,"$2,830",$218,13,"$6,281",$483,13,"$9,900",$762
Colchester,Delaware,5,"$5,700","$1,140",5,"$4,305",$861,5,"$8,025","$1,605"
Davenport,Delaware,6,"$3,775",$629,5,"$1,840",$368,5,"$6,300","$1,260"
Delhi,Delaware,13,"$25,450","$1,958",10,"$10,385","$1,039",9,"$27,355","$3,039"
Franklin_D,Delaware,8,"$21,750","$2,719",8,"$4,249",$531,9,"$48,160","$5,351"
Hamden,Delaware,8,"$4,150",$519,6,"$1,468",$245,9,"$6,589",$732
Hancock,Delaware,0,$0,,0,$0,,0,$0,
Harpersfield,Delaware,6,"$4,650",$775,5,"$2,150",$430,5,"$4,440",$888
Kortright,Delaware,3,"$1,500",$500,3,$800,$267,3,"$2,200",$733
Masonville,Delaware,11,"$3,225",$293,12,"$4,265",$355,12,"$9,690",$808
Meredith,Delaware,0,$0,,0,$0,,0,$0,
Middletown_D,Delaware,17,"$7,640",$449,17,"$16,214",$954,16,"$26,599","$1,662"
Roxbury,Delaware,18,"$11,950",$664,12,"$6,670",$556,12,"$14,583","$1,215"
Sidney,Delaware,6,"$2,000",$333,5,"$1,071",$214,5,"$2,140",$428
Stamford,Delaware,2,"$11,000","$5,500",1,"$2,500","$2,500",2,"$7,000","$3,500"
Tompkins,Delaware,0,$0,,0,$0,,0,$0,
Walton,Delaware,7,"$8,350","$1,193",7,"$10,496","$1,499",7,"$21,345","$3,049"
Amenia,Dutchess,8,"$28,950","$3,619",8,"$270,279","$33,785",8,"$315,611","$39,451"
Beekman ,Dutchess,0,$0,,0,$0,,0,$0,
Clinton_D,Dutchess,3,"$51,500","$17,167",1,$100,$100,1,"$1,000","$1,000"
Dover,Dutchess,6,"$5,600",$933,3,"$1,875",$625,5,"$8,725","$1,745"
East Fishkill,Dutchess,6,"$12,750","$2,125",5,"$6,410","$1,282",5,"$20,500","$4,100"
Fishkill,Dutchess,38,"$514,650","$13,543",30,"$537,390","$17,913",30,"$1,507,037","$50,235"
Hyde Park,Dutchess,1,"$30,000","$30,000",0,$0,,0,$0,
La Grange,Dutchess,8,"$2,950",$369,7,"$5,045",$721,8,"$10,650","$1,331"
Milan,Dutchess,11,"$6,850",$623,11,"$4,995",$454,11,"$11,775","$1,070"
Northeast,Dutchess,2,"$101,000","$50,500",0,$0,,2,"$4,750","$2,375"
Pawling,Dutchess,0,$0,,0,$0,,0,$0,
Pine Plains,Dutchess,1,"$2,500","$2,500",1,"$3,000","$3,000",1,"$7,000","$7,000"
Pleasant Valley,Dutchess,0,$0,,0,$0,,0,$0,
Poughkeepsie (City+Town),Dutchess,65,"$973,800","$14,982",72,"$637,340","$8,852",69,"$1,421,599","$20,603"
Red Hook,Dutchess,10,"$22,000","$2,200",10,"$15,989","$1,599",10,"$34,250","$3,425"
Rhinebeck,Dutchess,37,"$38,800","$1,049",30,"$18,404",$613,36,"$88,130","$2,448"
Stanford,Dutchess,1,"$10,000","$10,000",1,"$5,025","$5,025",1,"$12,000","$12,000"
Union Vale,Dutchess,2,"$1,200",$600,2,"$1,200",$600,2,"$3,000","$1,500"
Washington,Dutchess,5,"$4,150",$830,5,"$6,285","$1,257",5,"$12,600","$2,520"
Alden,Erie,0,$0,,0,$0,,0,$0,
Amherst,Erie,7,"$31,100","$4,443",3,"$18,700","$6,233",6,"$77,200","$12,867"
Aurora,Erie,8,"$6,300",$788,8,"$4,015",$502,8,"$9,650","$1,206"
Boston,Erie,1,"$10,000","$10,000",1,"$5,000","$5,000",1,"$20,000","$20,000"
Brandt,Erie,5,"$5,000","$1,000",5,"$3,715",$743,5,"$10,580","$2,116"
Buffalo,Erie,309,"$4,648,150","$15,043",291,"$3,472,144","$11,932",304,"$6,671,599","$21,946"
Chitawauga,Erie,3,"$11,750","$3,917",3,"$30,750","$10,250",3,"$101,070","$33,690"
Clarence,Erie,13,"$8,675",$667,13,"$7,130",$548,13,"$21,957","$1,689"
Colden,Erie,1,"$1,500","$1,500",1,$200,$200,1,$700,$700
Collins,Erie,12,"$32,700","$2,725",11,"$61,050","$5,550",12,"$229,490","$19,124"
Concord,Erie,3,"$27,900","$9,300",2,"$6,636","$3,318",1,$300,$300
East Hamburgh,Erie,2,"$1,400",$700,2,"$2,000","$1,000",2,"$3,800","$1,900"
Eden,Erie,6,"$14,725","$2,454",7,"$9,050","$1,293",9,"$28,515","$3,168"
Elma,Erie,3,"$2,600",$867,3,"$1,100",$367,3,"$4,600","$1,533"
Evans,Erie,27,"$13,850",$513,23,"$16,043",$698,26,"$30,637","$1,178"
Grand Island,Erie,2,$660,$330,2,$937,$469,0,$0,
Hamburgh,Erie,42,"$13,610",$324,41,"$14,617",$357,37,"$29,776",$805
Holland,Erie,5,"$2,900",$580,5,"$1,495",$299,5,"$3,435",$687
Lancaster,Erie,7,"$21,900","$3,129",7,"$56,500","$8,071",6,"$88,894","$14,816"
Marilla,Erie,0,$0,,0,$0,,0,$0,
Newstead,Erie,9,"$70,600","$7,844",9,"$27,920","$3,102",10,"$66,620","$6,662"
North Collins,Erie,0,$0,,0,$0,,0,$0,
Sardinia,Erie,7,"$7,575","$1,082",6,"$2,268",$378,7,"$7,325","$1,046"
Tonawanda,Erie,5,"$37,000","$7,400",6,"$36,100","$6,017",6,"$85,600","$14,267"
Wales,Erie,0,$0,,0,$0,,0,$0,
West Seneca,Erie,2,"$12,500","$6,250",2,"$3,260","$1,630",1,"$4,500","$4,500"
Chesterfield,Essex,0,$0,,0,$0,,0,$0,
Crown Point,Essex,10,"$13,050","$1,305",11,"$3,907",$355,11,"$12,370","$1,125"
Elizabethtown,Essex,2,"$1,600",$800,1,"$1,400","$1,400",3,"$2,070",$690
Essex,Essex,6,"$6,000","$1,000",7,"$4,811",$687,7,"$15,700","$2,243"
Jay,Essex,4,"$3,150",$788,4,$870,$218,4,"$3,350",$838
Keene,Essex,1,$150,$150,1,$125,$125,1,$500,$500
Lewis_E,Essex,0,$0,,0,$0,,0,$0,
Minerva,Essex,0,$0,,0,$0,,0,$0,
Moriah,Essex,9,"$1,038,000","$115,333",5,"$12,788","$2,558",9,"$370,945","$41,216"
Newcomb,Essex,0,$0,,0,$0,,0,$0,
North Elba,Essex,0,$0,,0,$0,,0,$0,
North Hudson,Essex,0,$0,,0,$0,,0,$0,
Schroon,Essex,12,"$8,700",$725,10,"$7,864",$786,12,"$20,429","$1,702"
St. Armand,Essex,0,$0,,0,$0,,0,$0,
Ticonderoga,Essex,1,"$100,000","$100,000",1,"$7,500","$7,500",1,"$25,000","$25,000"
Westport,Essex,2,"$1,500",$750,2,"$1,000",$500,2,"$3,000","$1,500"
Willsboro,Essex,1,"$6,000","$6,000",0,$0,,1,"$6,000","$6,000"
Wilmington,Essex,0,$0,,0,$0,,0,$0,
Bangor,Franklin,12,"$12,150","$1,013",11,"$7,458",$678,8,"$13,310","$1,664"
Bellmont,Franklin,1,"$2,000","$2,000",1,"$1,200","$1,200",1,"$2,430","$2,430"
Bombay,Franklin,4,"$4,700","$1,175",0,$0,,2,"$1,650",$825
Brandon,Franklin,5,"$2,650",$530,1,$575,$575,3,"$1,150",$383
Brighton_F,Franklin,0,$0,,0,$0,,0,$0,
Burke,Franklin,0,$0,,0,$0,,0,$0,
Chateaugay,Franklin,5,"$9,300","$1,860",4,"$6,000","$1,500",4,"$23,500","$5,875"
Constable,Franklin,6,"$4,600",$767,6,"$6,950","$1,158",6,"$13,160","$2,193"
Dickinson,Franklin,2,"$5,500","$2,750",2,"$3,900","$1,950",2,"$5,869","$2,935"
Duane,Franklin,0,$0,,0,$0,,0,$0,
Fort Covington,Franklin,11,"$28,825","$2,620",10,"$13,940","$1,394",9,"$38,700","$4,300"
Franklin_F,Franklin,0,$0,,0,$0,,0,$0,
Harrietstown,Franklin,0,$0,,0,$0,,0,$0,
Malone,Franklin,15,"$25,830","$1,722",15,"$33,188","$2,213",15,"$68,434","$4,562"
Moira,Franklin,8,"$2,475",$309,7,"$6,018",$860,7,"$8,650","$1,236"
Westville,Franklin,4,"$9,710","$2,428",3,"$11,693","$3,898",3,"$22,123","$7,374"
Bleecker,Fulton,0,$0,,0,$0,,0,$0,
Broadalbin,Fulton,13,"$27,800","$2,138",10,"$21,148","$2,115",9,"$61,325","$6,814"
Caroga,Fulton,5,"$1,175",$235,5,"$2,130",$426,5,"$6,225","$1,245"
Ephratah,Fulton,15,"$24,100","$1,607",15,"$9,370",$625,15,"$33,100","$2,207"
Johnstown,Fulton,43,"$276,100","$6,421",41,"$447,514","$10,915",41,"$1,101,747","$26,872"
Mayfield,Fulton,9,"$2,800",$311,9,"$6,336",$704,9,"$9,779","$1,087"
Northampton,Fulton,1,"$3,500","$3,500",1,"$1,500","$1,500",1,"$3,000","$3,000"
Oppenheim,Fulton,7,"$4,600",$657,7,"$3,619",$517,7,"$11,200","$1,600"
Perth,Fulton,1,"$20,000","$20,000",1,"$35,000","$35,000",1,"$46,000","$46,000"
Stratford,Fulton,2,"$1,000",$500,0,$0,,2,$450,$225
Alabama,Genesee,1,"$1,000","$1,000",1,$300,$300,1,$800,$800
Alexander,Genesee,5,"$2,600",$520,5,"$4,250",$850,5,"$8,175","$1,635"
Batavia,Genesee,33,"$169,200","$5,127",31,"$85,760","$2,766",32,"$151,017","$4,719"
Bergen,Genesee,7,"$11,550","$1,650",7,"$5,760",$823,7,"$13,200","$1,886"
Bethany,Genesee,1,"$3,000","$3,000",1,"$1,200","$1,200",1,"$2,615","$2,615"
Byron,Genesee,11,"$7,900",$718,0,$0,,0,$0,
Darien,Genesee,0,$0,,1,"$2,500","$2,500",1,"$4,000","$4,000"
Elba,Genesee,2,$950,$475,2,$900,$450,2,"$2,928","$1,464"
Le Roy,Genesee,49,"$134,135","$2,737",48,"$106,304","$2,215",50,"$253,394","$5,068"
Oakfield,Genesee,21,"$14,425",$687,16,"$13,351",$834,19,"$34,415","$1,811"
Pavillion,Genesee,6,"$14,150","$2,358",5,"$20,200","$4,040",7,"$35,700","$5,100"
Pembroke,Genesee,27,"$10,490",$389,28,"$21,702",$775,28,"$37,663","$1,345"
Stafford,Genesee,7,"$3,700",$529,7,$983,$140,7,"$5,100",$729
Ashland,Greene,7,"$6,000",$857,0,$0,,0,$0,
Athens,Greene,6,"$27,875","$4,646",6,"$12,875","$2,146",7,"$30,858","$4,408"
Cairo,Greene,3,"$6,700","$2,233",3,"$3,300","$1,100",3,"$5,800","$1,933"
Catskill,Greene,7,"$171,600","$24,514",5,"$49,800","$9,960",6,"$119,100","$19,850"
Coxsackie,Greene,17,"$82,800","$4,871",17,"$31,955","$1,880",17,"$136,791","$8,047"
Durham,Greene,11,"$11,350","$1,032",9,"$42,871","$4,763",9,"$102,366","$11,374"
Greenville_G,Greene,2,$450,$225,5,"$1,075",$215,6,"$3,119",$520
Halcott,Greene,0,$0,,0,$0,,0,$0,
Hunter,Greene,7,"$38,300","$5,471",6,"$8,790","$1,465",6,"$85,900","$14,317"
Jewett,Greene,0,$0,,0,$0,,0,$0,
Lexington,Greene,0,$0,,0,$0,,0,$0,
New Baltimore,Greene,4,"$10,250","$2,563",4,"$4,768","$1,192",3,"$38,200","$12,733"
Prattsville,Greene,6,"$8,000","$1,333",9,"$16,460","$1,829",8,"$12,600","$1,575"
Windham,Greene,12,"$23,000","$1,917",11,"$7,255",$660,11,"$22,850","$2,077"
Arietta,Hamilton,0,$0,,0,$0,,0,$0,
Benson,Hamilton,15,"$11,400",$760,0,$0,,15,"$23,904","$1,594"
Hope,Hamilton,0,$0,,0,$0,,0,$0,
Indian Lake,Hamilton,0,$0,,0,$0,,0,$0,
Lake Pleasant,Hamilton,0,$0,,0,$0,,0,$0,
Long Lake,Hamilton,0,$0,,0,$0,,0,$0,
Morehouse,Hamilton,0,$0,,0,$0,,0,$0,
Wells,Hamilton,17,"$7,675",$451,18,"$6,039",$336,18,"$35,921","$1,996"
Columbia,Herkimer,6,"$81,400","$13,567",6,"$81,141","$13,524",6,"$156,488","$26,081"
Danube,Herkimer,0,$0,,0,$0,,0,$0,
Fairfield,Herkimer,7,"$5,225",$746,7,"$3,905",$558,5,"$6,650","$1,330"
Frankfort,Herkimer,6,"$138,500","$23,083",6,"$148,516","$24,753",4,"$339,070","$84,768"
German Flatts,Herkimer,27,"$1,341,700","$49,693",28,"$694,952","$24,820",26,"$1,595,829","$61,378"
Herkimer,Herkimer,0,$0,,0,$0,,0,$0,
Litchfield,Herkimer,0,$0,,0,$0,,0,$0,
Little Falls,Herkimer,14,"$108,000","$7,714",13,"$89,450","$6,881",12,"$138,180","$11,515"
Manheim,Herkimer,4,"$12,700","$3,175",4,"$18,382","$4,596",3,"$23,338","$7,779"
Newport,Herkimer,12,"$22,650","$1,888",11,"$9,925",$902,12,"$19,975","$1,665"
Norway,Herkimer,2,"$2,000","$1,000",2,$778,$389,2,"$2,450","$1,225"
Ohio,Herkimer,0,$0,,0,$0,,0,$0,
Russia,Herkimer,4,"$4,900","$1,225",4,"$5,458","$1,365",4,"$13,580","$3,395"
Salisbury,Herkimer,8,"$7,500",$938,7,"$3,532",$505,10,"$10,493","$1,049"
Schuyler,Herkimer,0,$0,,0,$0,,0,$0,
Stark,Herkimer,3,"$1,900",$633,3,$712,$237,3,"$3,100","$1,033"
Warren,Herkimer,2,"$4,500","$2,250",2,"$1,200",$600,2,"$5,900","$2,950"
Wilmurt,Herkimer,0,$0,,0,$0,,0,$0,
Winfield,Herkimer,2,"$16,000","$8,000",2,"$1,100",$550,2,"$6,000","$3,000"
Adams,Jefferson,21,"$117,975","$5,618",21,"$96,767","$4,608",20,"$132,626","$6,631"
Alexandria,Jefferson,11,"$27,480","$2,498",11,"$28,278","$2,571",11,"$83,175","$7,561"
Antwerp,Jefferson,16,"$54,600","$3,413",12,"$11,863",$989,14,"$43,745","$3,125"
Brownville,Jefferson,34,"$189,810","$5,583",36,"$219,021","$6,084",35,"$336,127","$9,604"
Cape Vincent,Jefferson,10,"$20,325","$2,033",10,"$12,790","$1,279",10,"$27,647","$2,765"
Champion,Jefferson,3,"$20,000","$6,667",2,"$2,000","$1,000",1,"$5,000","$5,000"
Clayton,Jefferson,6,"$19,800","$3,300",6,"$13,620","$2,270",6,"$27,200","$4,533"
Ellisburgh,Jefferson,20,"$16,580",$829,18,"$16,088",$894,19,"$34,993","$1,842"
Henderson,Jefferson,6,"$2,250",$375,3,"$1,850",$617,6,"$5,430",$905
Hounsfield,Jefferson,7,"$9,200","$1,314",5,"$5,885","$1,177",7,"$11,645","$1,664"
Le Ray,Jefferson,6,"$6,600","$1,100",6,"$6,577","$1,096",6,"$19,560","$3,260"
Lorraine,Jefferson,0,$0,,0,$0,,0,$0,
Lyme,Jefferson,14,"$7,400",$529,5,"$3,510",$702,9,"$9,650","$1,072"
Orleans,Jefferson,23,"$10,900",$474,8,"$1,635",$204,8,"$6,950",$869
Pamelia,Jefferson,5,"$455,000","$91,000",5,"$92,220","$18,444",5,"$333,090","$66,618"
Philadelphia,Jefferson,16,"$11,600",$725,14,"$10,513",$751,15,"$20,065","$1,338"
Rodman,Jefferson,2,"$3,700","$1,850",2,"$2,113","$1,057",2,"$4,700","$2,350"
Rutland,Jefferson,5,"$15,600","$3,120",5,"$5,993","$1,199",5,"$21,579","$4,316"
Theresa,Jefferson,18,"$17,225",$957,18,"$11,833",$657,19,"$30,685","$1,615"
Watertown,Jefferson,33,"$148,725","$4,507",32,"$148,045","$4,626",33,"$241,143","$7,307"
Wilna,Jefferson,28,"$65,500","$2,339",26,"$47,646","$1,833",28,"$91,899","$3,282"
Worth,Jefferson,0,$0,,0,$0,,0,$0,
Brooklyn,Kings,390,"$17,918,880","$45,946",310,"$19,418,165","$62,639",309,"$36,325,680","$117,559"
Flatbush,Kings,1,"$100,000","$100,000",1,"$12,000","$12,000",1,"$30,000","$30,000"
Flatlands,Kings,0,$0,,0,$0,,0,$0,
Gravesend,Kings,1,"$60,000","$60,000",1,"$50,000","$50,000",1,"$100,000","$100,000"
New Lots,Kings,3,"$30,075","$10,025",2,"$34,324","$17,162",2,"$48,000","$24,000"
New Utrecht,Kings,0,$0,,0,$0,,0,$0,
Croghan,Lewis,0,$0,,0,$0,,0,$0,
Denmark,Lewis,11,"$12,250","$1,114",12,"$10,164",$847,12,"$18,962","$1,580"
Diana,Lewis,2,"$5,900","$2,950",2,"$1,441",$721,1,"$5,122","$5,122"
Greig,Lewis,3,$325,$108,0,$0,,3,"$1,500",$500
Harrisburgh,Lewis,0,$0,,0,$0,,0,$0,
High Market,Lewis,0,$0,,0,$0,,0,$0,
Lewis_L,Lewis,2,"$1,500",$750,2,"$7,500","$3,750",2,"$11,500","$5,750"
Leyden,Lewis,0,$0,,0,$0,,0,$0,
Lowville,Lewis,15,"$45,600","$3,040",15,"$33,718","$2,248",15,"$65,956","$4,397"
Martinsburg,Lewis,5,"$3,800",$760,5,"$3,955",$791,5,"$7,330","$1,466"
Montague,Lewis,0,$0,,0,$0,,0,$0,
New Bremen,Lewis,8,"$3,475",$434,10,"$3,245",$325,10,"$8,706",$871
Osceola,Lewis,0,$0,,0,$0,,0,$0,
Pinckney,Lewis,0,$0,,0,$0,,0,$0,
Turin,Lewis,6,"$5,150",$858,5,"$4,370",$874,5,"$10,186","$2,037"
Watson,Lewis,1,"$1,500","$1,500",1,$200,$200,1,$750,$750
West Turin,Lewis,9,"$6,785",$754,7,"$7,921","$1,132",9,"$14,790","$1,643"
Avon,Livingston,6,"$21,000","$3,500",6,"$61,200","$10,200",6,"$85,000","$14,167"
Caledonia,Livingston,3,"$14,000","$4,667",3,"$1,660",$553,3,"$4,562","$1,521"
Conesus,Livingston,0,$0,,0,$0,,0,$0,
Geneseo,Livingston,13,"$46,000","$3,538",3,"$5,300","$1,767",3,"$22,700","$7,567"
Groveland,Livingston,3,"$2,700",$900,3,"$2,100",$700,3,"$7,050","$2,350"
Leicester,Livingston,4,"$2,700",$675,5,"$2,050",$410,3,"$3,400","$1,133"
Lima,Livingston,11,"$32,450","$2,950",11,"$24,585","$2,235",11,"$48,226","$4,384"
Livonia,Livingston,1,"$1,500","$1,500",1,$560,$560,1,"$1,510","$1,510"
Mount Morris,Livingston,23,$100,$4,23,"$47,121","$2,049",23,"$84,318","$3,666"
North Dansville,Livingston,23,"$57,400","$2,496",19,"$42,776","$2,251",18,"$95,113","$5,284"
Nunda,Livingston,12,"$18,020","$1,502",13,"$28,549","$2,196",13,"$63,100","$4,854"
Ossian,Livingston,0,$0,,0,$0,,0,$0,
Portage,Livingston,2,"$7,700","$3,850",2,"$1,450",$725,2,"$2,675","$1,338"
Sparta,Livingston,5,"$5,500","$1,100",5,"$3,169",$634,5,"$8,362","$1,672"
Springwater,Livingston,8,"$19,425","$2,428",8,"$5,841",$730,7,"$11,900","$1,700"
West Sparta,Livingston,0,$0,,0,$0,,0,$0,
York,Livingston,2,"$30,000","$15,000",3,"$21,325","$7,108",3,"$98,750","$32,917"
Brookfield,Madison,13,"$28,750","$2,212",10,"$31,185","$3,119",14,"$82,455","$5,890"
Cazenovia,Madison,34,"$63,375","$1,864",33,"$73,642","$2,232",32,"$119,315","$3,729"
De Ruyter,Madison,9,"$15,350","$1,706",8,"$10,980","$1,373",9,"$26,690","$2,966"
Eaton,Madison,11,"$60,300","$5,482",9,"$104,227","$11,581",9,"$224,106","$24,901"
Fenner,Madison,3,"$2,400",$800,3,"$1,000",$333,3,"$2,350",$783
Georgetown,Madison,5,"$2,900",$580,2,"$1,975",$988,5,"$5,525","$1,105"
Hamilton,Madison,8,"$31,500","$3,938",7,"$13,741","$1,963",7,"$26,352","$3,765"
Lebanon,Madison,1,"$4,000","$4,000",1,"$2,000","$2,000",1,"$3,000","$3,000"
Lenox,Madison,17,"$208,525","$12,266",13,"$155,170","$11,936",14,"$305,513","$21,822"
Madison,Madison,2,"$8,700","$4,350",2,"$9,500","$4,750",1,"$15,000","$15,000"
Nelson,Madison,6,"$1,975",$329,6,"$1,757",$293,6,"$3,430",$572
Smithfield,Madison,1,$800,$800,1,$200,$200,0,$0,
Stockbridge,Madison,7,"$17,150","$2,450",7,"$5,915",$845,6,"$14,104","$2,351"
Sullivan,Madison,17,"$35,350","$2,079",16,"$17,357","$1,085",16,"$35,113","$2,195"
Brighton,Monroe,8,"$92,850","$11,606",9,"$24,426","$2,714",9,"$74,385","$8,265"
Chili,Monroe,5,"$1,650",$330,5,"$1,825",$365,5,"$3,900",$780
Clarkson,Monroe,1,$500,$500,1,"$1,000","$1,000",1,"$1,500","$1,500"
Gates,Monroe,0,$0,,0,$0,,0,$0,
Greece,Monroe,4,"$4,500","$1,125",5,"$25,600","$5,120",5,"$46,850","$9,370"
Hamlin,Monroe,1,"$1,000","$1,000",1,$300,$300,1,$600,$600
Henrietta,Monroe,3,"$18,500","$6,167",3,"$6,100","$2,033",3,"$15,460","$5,153"
Irondequoit,Monroe,2,"$6,300","$3,150",2,"$4,175","$2,088",1,"$8,000","$8,000"
Mendon,Monroe,11,"$21,350","$1,941",9,"$12,676","$1,408",10,"$31,086","$3,109"
Ogden,Monroe,12,"$12,495","$1,041",12,"$21,995","$1,833",12,"$38,710","$3,226"
Parma,Monroe,2,$200,$100,2,"$1,633",$817,2,"$3,525","$1,763"
Penfield,Monroe,1,"$2,500","$2,500",1,"$1,500","$1,500",1,"$3,000","$3,000"
Perrington,Monroe,19,"$39,456","$2,077",19,"$109,382","$5,757",19,"$198,636","$10,455"
Pittsford,Monroe,2,"$4,000","$2,000",0,$0,,0,$0,
Riga,Monroe,9,"$4,750",$528,3,"$1,170",$390,2,"$2,075","$1,038"
Rochester,Monroe,134,"$3,007,458","$22,444",112,"$2,327,134","$20,778",126,"$5,067,376","$40,217"
Rush,Monroe,6,"$2,050",$342,0,$0,,0,$0,
Sweden,Monroe,24,"$95,700","$3,988",24,"$121,145","$5,048",23,"$357,712","$15,553"
Webster,Monroe,12,"$7,280",$607,5,"$2,840",$568,7,"$8,000","$1,143"
Wheatland,Monroe,14,"$52,044","$3,717",14,"$24,853","$1,775",12,"$54,850","$4,571"
Amsterdam,Montgomery,23,"$607,400","$26,409",22,"$529,555","$24,071",23,"$1,253,427","$54,497"
Canajoharie,Montgomery,7,"$43,500","$6,214",6,"$199,318","$33,220",6,"$234,457","$39,076"
Charleston,Montgomery,3,"$3,600","$1,200",3,$880,$293,3,"$2,562",$854
Florida,Montgomery,4,"$13,700","$3,425",4,"$8,315","$2,079",4,"$40,775","$10,194"
Glen,Montgomery,4,"$2,100",$525,5,"$13,261","$2,652",3,"$14,840","$4,947"
Minden,Montgomery,21,"$68,750","$3,274",21,"$84,349","$4,017",21,"$121,525","$5,787"
Mohawk,Montgomery,1,"$2,000","$2,000",1,"$5,000","$5,000",0,$0,
Palatine,Montgomery,3,"$4,700","$1,567",3,"$2,100",$700,3,"$3,500","$1,167"
Root,Montgomery,1,"$1,000","$1,000",1,$216,$216,1,$200,$200
St. Johnsville,Montgomery,7,"$27,700","$3,957",6,"$49,100","$8,183",7,"$83,770","$11,967"
New York,New York,1182,"$37,306,537","$31,562",819,"$36,366,370","$44,403",827,"$67,816,549","$82,003"
Cambria,Niagara,3,"$2,550",$850,2,"$3,724","$1,862",3,"$9,800","$3,267"
Hartland,Niagara,5,"$12,700","$2,540",5,"$4,450",$890,5,"$10,600","$2,120"
Lewiston,Niagara,1,$500,$500,1,$600,$600,1,"$1,000","$1,000"
Lockport,Niagara,44,"$389,200","$8,845",40,"$416,030","$10,401",41,"$757,055","$18,465"
Newfane,Niagara,5,"$5,650","$1,130",5,"$26,818","$5,364",5,"$6,600","$1,320"
Niagara,Niagara,5,"$146,500","$29,300",4,"$17,600","$4,400",6,"$124,150","$20,692"
Pendleton,Niagara,0,$0,,0,$0,,0,$0,
Porter,Niagara,6,"$10,300","$1,717",7,"$6,284",$898,7,"$11,370","$1,624"
Royalton,Niagara,9,"$32,960","$3,662",10,"$18,871","$1,887",10,"$40,220","$4,022"
Somerset,Niagara,5,"$2,835",$567,0,$0,,5,"$5,000","$1,000"
Wheatfield,Niagara,2,"$34,140","$17,070",2,"$20,740","$10,370",2,"$70,000","$35,000"
Wilson,Niagara,10,"$10,000","$1,000",11,"$7,959",$724,11,"$14,243","$1,295"
Annsville,Oneida,11,"$17,500","$1,591",12,"$8,815",$735,12,"$20,545","$1,712"
Augusta,Oneida,3,"$2,700",$900,3,"$1,400",$467,3,"$4,700","$1,567"
Ava,Oneida,0,$0,,0,$0,,0,$0,
Boonville,Oneida,23,"$74,600","$3,243",23,"$78,390","$3,408",15,"$92,072","$6,138"
Bridgewater,Oneida,2,$700,$350,2,$115,$58,2,"$1,350",$675
Camden,Oneida,26,"$155,200","$5,969",26,"$67,259","$2,587",26,"$244,443","$9,402"
Deerfield,Oneida,14,"$11,600",$829,12,"$3,250",$271,14,"$28,450","$2,032"
Florence,Oneida,1,$200,$200,1,$125,$125,0,$0,
Floyd,Oneida,4,"$1,700",$425,4,"$1,791",$448,4,"$5,112","$1,278"
Kirkland,Oneida,6,"$50,200","$8,367",3,"$6,540","$2,180",6,"$76,300","$12,717"
Lee,Oneida,3,"$3,300","$1,100",1,"$1,800","$1,800",2,"$5,100","$2,550"
Marcy,Oneida,2,"$1,700",$850,2,"$2,540","$1,270",2,"$4,700","$2,350"
Marshall,Oneida,8,"$36,550","$4,569",4,"$2,925",$731,1,"$2,300","$2,300"
New Hartford,Oneida,8,"$132,000","$16,500",9,"$88,720","$9,858",11,"$244,957","$22,269"
Paris,Oneida,7,"$94,900","$13,557",5,"$50,443","$10,089",5,"$84,687","$16,937"
Remsen,Oneida,4,"$29,500","$7,375",2,"$3,300","$1,650",0,$0,
Rome,Oneida,27,"$184,600","$6,837",27,"$147,954","$5,480",26,"$297,555","$11,444"
Sangerfield,Oneida,3,"$23,000","$7,667",3,"$1,590",$530,3,"$5,624","$1,875"
Steuben,Oneida,0,$0,,0,$0,,0,$0,
Trenton,Oneida,18,"$17,925",$996,12,"$2,731",$228,15,"$14,550",$970
Utica,Oneida,98,"$1,385,904","$14,142",91,"$1,613,918","$17,735",90,"$3,063,320","$34,037"
Vernon,Oneida,10,"$36,650","$3,665",10,"$25,276","$2,528",9,"$54,532","$6,059"
Verona,Oneida,12,"$124,700","$10,392",11,"$93,030","$8,457",12,"$178,180","$14,848"
Vienna,Oneida,6,"$30,000","$5,000",6,"$7,964","$1,327",6,"$36,800","$6,133"
Western,Oneida,6,"$13,775","$2,296",7,"$6,096",$871,7,"$16,089","$2,298"
Westmoreland,Oneida,5,"$54,630","$10,926",4,"$26,872","$6,718",4,"$48,200","$12,050"
Whitestown,Oneida,13,"$113,132","$8,702",12,"$182,498","$15,208",12,"$337,620","$28,135"
Camillus,Onondaga,2,"$4,300","$2,150",2,"$3,100","$1,550",2,"$9,600","$4,800"
Cicero,Onondaga,3,"$2,250",$750,3,"$4,550","$1,517",3,"$26,900","$8,967"
Clay,Onondaga,0,$0,,0,$0,,0,$0,
Dewitt,Onondaga,0,$0,,0,$0,,0,$0,
Elbridge,Onondaga,8,"$79,700","$9,963",8,"$84,550","$10,569",8,"$178,250","$22,281"
Fabius,Onondaga,5,"$6,850","$1,370",5,"$7,646","$1,529",5,"$18,700","$3,740"
Geddes,Onondaga,30,"$224,275","$7,476",26,"$225,820","$8,685",26,"$488,805","$18,800"
La Fayette,Onondaga,10,"$3,250",$325,11,"$3,700",$336,11,"$10,600",$964
Lysander,Onondaga,16,"$8,000",$500,2,"$3,050","$1,525",1,"$1,600","$1,600"
Manlius,Onondaga,30,"$84,060","$2,802",29,"$107,993","$3,724",28,"$239,585","$8,557"
Marcellus,Onondaga,6,"$10,900","$1,817",10,"$9,895",$990,10,"$17,465","$1,747"
Onondaga,Onondaga,9,"$9,500","$1,056",6,"$6,918","$1,153",9,"$23,336","$2,593"
Otisco,Onondaga,5,"$7,500","$1,500",5,"$7,359","$1,472",5,"$11,360","$2,272"
Pompey,Onondaga,1,"$2,500","$2,500",1,$625,$625,1,$900,$900
Salina,Onondaga,11,"$102,600","$9,327",10,"$25,199","$2,520",15,"$86,120","$5,741"
Skaneateles,Onondaga,17,"$108,900","$6,406",17,"$183,202","$10,777",16,"$889,649","$55,603"
Spafford,Onondaga,0,$0,,0,$0,,0,$0,
Syracuse,Onondaga,91,"$2,290,007","$25,165",73,"$1,531,833","$20,984",89,"$4,282,925","$48,123"
Tully,Onondaga,7,"$10,100","$1,443",8,"$8,469","$1,059",8,"$22,887","$2,861"
Van Buren,Onondaga,5,"$17,762","$3,552",3,"$5,007","$1,669",4,"$11,280","$2,820"
Bristol,Ontario,4,$570,$143,4,"$1,550",$388,4,"$4,200","$1,050"
Canadice,Ontario,5,$605,$121,5,$725,$145,5,"$2,750",$550
Canandiagua,Ontario,30,"$138,800","$4,627",27,"$196,496","$7,278",27,"$424,743","$15,731"
East Bloomfield,Ontario,2,"$12,000","$6,000",2,"$4,220","$2,110",2,"$14,636","$7,318"
Farmington,Ontario,1,$500,$500,1,"$3,000","$3,000",1,"$3,375","$3,375"
Gorham,Ontario,10,"$3,100",$310,6,"$1,037",$173,7,"$9,990","$1,427"
Hopewell,Ontario,8,"$7,825",$978,4,"$1,585",$396,7,"$17,705","$2,529"
Manchester,Ontario,14,"$40,925","$2,923",11,"$14,399","$1,309",13,"$40,875","$3,144"
Naples,Ontario,0,$0,,0,$0,,0,$0,
Phelps,Ontario,11,"$22,500","$2,045",9,"$7,515",$835,12,"$23,191","$1,933"
Richmond,Ontario,4,"$17,000","$4,250",3,"$1,000",$333,3,"$8,350","$2,783"
Seneca,Ontario,25,"$181,200","$7,248",24,"$172,162","$7,173",25,"$485,630","$19,425"
South Bristol,Ontario,0,$0,,0,$0,,0,$0,
Victor,Ontario,7,"$7,500","$1,071",7,"$8,350","$1,193",7,"$19,400","$2,771"
West Bloomfield,Ontario,5,"$4,150",$830,5,"$8,611","$1,722",5,"$13,461","$2,692"
Blooming Grove,Orange,8,"$33,062","$4,133",6,"$7,499","$1,250",8,"$44,673","$5,584"
Chester_O,Orange,12,"$18,000","$1,500",13,"$45,400","$3,492",13,"$74,413","$5,724"
Cornwall,Orange,3,"$5,100","$1,700",3,"$5,565","$1,855",3,"$12,000","$4,000"
Crawford,Orange,10,"$24,400","$2,440",10,"$13,535","$1,354",10,"$43,410","$4,341"
Deerpark,Orange,6,"$45,000","$7,500",5,"$20,600","$4,120",5,"$52,600","$10,520"
Goshen,Orange,12,"$29,800","$2,483",11,"$11,300","$1,027",10,"$28,000","$2,800"
Greenville_O,Orange,0,$0,,0,$0,,0,$0,
Hamptonburgh,Orange,4,"$3,000",$750,4,"$1,655",$414,4,"$5,250","$1,313"
Minisink,Orange,0,$0,,0,$0,,0,$0,
Monroe,Orange,4,"$100,700","$25,175",0,$0,,2,"$140,000","$70,000"
Montgomery,Orange,15,"$21,940","$1,463",15,"$31,154","$2,077",15,"$67,474","$4,498"
Mount Hope,Orange,5,"$8,500","$1,700",5,"$4,800",$960,5,"$14,575","$2,915"
New Windsor,Orange,13,"$39,100","$3,008",11,"$3,730",$339,13,"$55,630","$4,279"
Newburgh,Orange,47,"$600,840","$12,784",49,"$1,220,288","$24,904",44,"$2,469,458","$56,124"
Wallkill,Orange,34,"$438,000","$12,882",27,"$327,189","$12,118",29,"$749,717","$25,852"
Warwick,Orange,6,"$10,500","$1,750",6,"$6,969","$1,162",6,"$32,383","$5,397"
Wawayanda,Orange,1,"$10,000","$10,000",1,"$10,000","$10,000",1,"$35,000","$35,000"
Barre,Orleans,7,"$8,600","$1,229",7,"$9,773","$1,396",6,"$18,125","$3,021"
Carlton,Orleans,0,$0,,0,$0,,0,$0,
Clarendon,Orleans,0,$0,,0,$0,,0,$0,
Gaines,Orleans,0,$0,,0,$0,,0,$0,
Kendall,Orleans,0,$0,,0,$0,,0,$0,
Murray,Orleans,6,"$17,000","$2,833",6,"$6,920","$1,153",6,"$18,700","$3,117"
Ridgeway,Orleans,46,"$142,025","$3,088",38,"$94,800","$2,495",45,"$250,180","$5,560"
Shelby,Orleans,7,"$6,300",$900,4,"$2,835",$709,7,"$11,057","$1,580"
Yates,Orleans,2,$800,$400,2,"$1,580",$790,2,"$4,225","$2,113"
Albion,Oswego,26,"$39,740","$1,528",26,"$43,088","$1,657",26,"$111,067","$4,272"
Amboy,Oswego,0,$0,,0,$0,,0,$0,
Boyleston,Oswego,0,$0,,0,$0,,0,$0,
Constantia,Oswego,20,"$36,650","$1,833",23,"$100,249","$4,359",27,"$189,208","$7,008"
Granby,Oswego,2,"$2,100","$1,050",2,"$1,400",$700,2,"$6,370","$3,185"
Hannibal,Oswego,9,"$5,400",$600,11,"$4,824",$439,14,"$20,204","$1,443"
Hastings,Oswego,6,"$4,600",$767,5,"$11,800","$2,360",5,"$13,700","$2,740"
Mexico,Oswego,14,"$15,490","$1,106",14,"$24,100","$1,721",14,"$49,497","$3,536"
New Haven,Oswego,4,"$2,500",$625,3,"$4,459","$1,486",4,"$11,695","$2,924"
Orwell,Oswego,1,"$1,000","$1,000",1,$300,$300,1,$900,$900
Oswego,Oswego,26,"$920,800","$35,415",21,"$945,510","$45,024",21,"$1,806,705","$86,034"
Oswego City,Oswego,7,"$45,850","$6,550",7,"$78,665","$11,238",7,"$153,548","$21,935"
Palermo,Oswego,1,"$1,800","$1,800",1,"$1,500","$1,500",1,"$3,000","$3,000"
Parish,Oswego,8,"$2,100",$263,8,"$1,705",$213,6,"$6,200","$1,033"
Redfield,Oswego,0,$0,,0,$0,,0,$0,
Richland,Oswego,14,"$32,350","$2,311",8,"$10,131","$1,266",11,"$31,160","$2,833"
Sandy Creek,Oswego,15,"$20,600","$1,373",15,"$18,300","$1,220",15,"$40,000","$2,667"
Schroeppel,Oswego,15,"$31,530","$2,102",16,"$13,513",$845,15,"$33,675","$2,245"
Scriba,Oswego,9,"$2,240",$249,9,"$18,808","$2,090",9,"$32,238","$3,582"
Volney,Oswego,14,"$81,000","$5,786",9,"$30,090","$3,343",8,"$86,800","$10,850"
West Monroe,Oswego,0,$0,,0,$0,,0,$0,
Williamstown,Oswego,1,"$5,400","$5,400",1,"$5,000","$5,000",1,"$27,804","$27,804"
Burlington,Otsego,16,"$11,600",$725,13,"$4,716",$363,17,"$15,964",$939
Butternuts,Otsego,5,"$9,000","$1,800",5,"$6,412","$1,282",5,"$13,320","$2,664"
Cherry Valley,Otsego,23,"$22,840",$993,19,"$6,702",$353,22,"$33,162","$1,507"
Decatur,Otsego,4,"$1,600",$400,4,$989,$247,3,"$2,800",$933
Edmeston,Otsego,8,"$6,250",$781,8,"$2,982",$373,8,"$8,260","$1,033"
Exeter,Otsego,0,$0,,0,$0,,0,$0,
Hartwick,Otsego,8,"$43,350","$5,419",9,"$83,599","$9,289",8,"$115,355","$14,419"
Laurens,Otsego,7,"$4,850",$693,4,"$6,300","$1,575",4,"$11,700","$2,925"
Maryland,Otsego,5,"$3,800",$760,7,"$6,400",$914,7,"$14,050","$2,007"
Middlefield,Otsego,10,"$7,900",$790,10,"$5,453",$545,10,"$16,013","$1,601"
Milford,Otsego,4,"$4,800","$1,200",4,"$1,813",$453,4,"$4,955","$1,239"
Morris,Otsego,7,"$11,300","$1,614",7,"$9,603","$1,372",7,"$18,292","$2,613"
New Lisbon,Otsego,13,"$3,375",$260,11,"$3,871",$352,11,"$7,539",$685
Oneonta,Otsego,25,"$27,375","$1,095",25,"$15,895",$636,25,"$39,400","$1,576"
Otego,Otsego,4,"$6,300","$1,575",4,"$2,940",$735,4,"$10,200","$2,550"
Otsego,Otsego,16,"$65,100","$4,069",16,"$50,056","$3,129",16,"$73,418","$4,589"
Pittsfield,Otsego,0,$0,,0,$0,,0,$0,
Plainfield,Otsego,12,"$35,300","$2,942",12,"$30,815","$2,568",13,"$63,790","$4,907"
Richfield,Otsego,6,"$3,900",$650,5,"$2,810",$562,5,"$8,200","$1,640"
Roseboom,Otsego,1,$700,$700,1,$80,$80,1,$466,$466
Springfield,Otsego,6,"$105,300","$17,550",5,"$32,525","$6,505",6,"$69,000","$11,500"
Unadilla,Otsego,18,"$24,400","$1,356",18,"$8,008",$445,15,"$23,409","$1,561"
Westford,Otsego,8,"$4,275",$534,8,"$2,280",$285,8,"$6,355",$794
Worcester,Otsego,3,"$9,800","$3,267",1,$300,$300,2,"$1,500",$750
Carmel,Putnam,10,"$5,050",$505,9,"$5,885",$654,9,"$17,905","$1,989"
Kent,Putnam,4,"$2,550",$638,4,"$2,325",$581,4,"$5,350","$1,338"
Patterson,Putnam,3,"$2,300",$767,3,"$1,975",$658,3,"$9,498","$3,166"
Philipstown,Putnam,3,"$300,800","$100,267",3,"$1,191,898","$397,299",3,"$2,650,897","$883,632"
Putnam Valley,Putnam,0,$0,,0,$0,,0,$0,
Southeast ,Putnam,8,"$48,305","$6,038",8,"$302,233","$37,779",7,"$440,113","$62,873"
Flushing,Queens,21,"$215,430","$10,259",14,"$325,250","$23,232",21,"$822,850","$39,183"
Hempstead,Queens,27,"$37,125","$1,375",23,"$131,654","$5,724",25,"$196,674","$7,867"
Jamaica,Queens,7,"$83,200","$11,886",7,"$87,990","$12,570",7,"$175,116","$25,017"
Newtown,Queens,5,"$190,000","$38,000",2,"$101,000","$50,500",2,"$216,000","$108,000"
North Hempstead,Queens,12,"$16,100","$1,342",13,"$9,671",$744,11,"$15,275","$1,389"
Oyster Bay,Queens,4,"$303,900","$75,975",1,"$1,445","$1,445",2,"$5,400","$2,700"
Berlin,Rensselaer,5,"$5,125","$1,025",5,"$3,116",$623,5,"$4,803",$961
Brunswick,Rensselaer,6,"$13,900","$2,317",5,"$12,250","$2,450",6,"$27,550","$4,592"
East Greenbush,Rensselaer,2,$250,$125,2,$60,$30,2,$120,$60
Grafton,Rensselaer,3,"$3,000","$1,000",2,"$1,200",$600,2,"$5,700","$2,850"
Greenbush [North],Rensselaer,6,"$16,200","$2,700",7,"$27,332","$3,905",7,"$40,010","$5,716"
Hoosick,Rensselaer,13,"$111,550","$8,581",13,"$405,100","$31,162",12,"$488,426","$40,702"
Lansingburgh,Rensselaer,31,"$740,725","$23,894",30,"$807,767","$26,926",31,"$1,413,918","$45,610"
Nassau,Rensselaer,5,"$6,000","$1,200",5,"$2,835",$567,5,"$6,500","$1,300"
North Greenbush,Rensselaer,0,$0,,0,$0,,0,$0,
Petersburgh,Rensselaer,3,"$1,400",$467,3,$662,$221,3,"$2,750",$917
Pittstown,Rensselaer,21,"$131,750","$6,274",20,"$221,380","$11,069",20,"$368,020","$18,401"
Poestenkill,Rensselaer,4,"$15,000","$3,750",4,"$4,950","$1,238",3,"$17,050","$5,683"
Sand Lake,Rensselaer,9,"$173,300","$19,256",8,"$213,825","$26,728",10,"$457,507","$45,751"
Schaghticoke,Rensselaer,4,"$136,000","$34,000",3,"$99,727","$33,242",3,"$221,088","$73,696"
Schodack,Rensselaer,0,$0,,0,$0,,0,$0,
Stephentown,Rensselaer,8,"$17,000","$2,125",7,"$17,400","$2,486",8,"$31,558","$3,945"
Troy,Rensselaer,143,"$3,953,342","$27,646",132,"$5,501,949","$41,681",137,"$12,529,721","$91,458"
Castleton,Richmond,5,"$365,000","$73,000",0,$0,,0,$0,
Middletown_R,Richmond,11,"$200,500","$18,227",11,"$416,000","$37,818",10,"$673,500","$67,350"
Northfield,Richmond,13,"$229,950","$17,688",9,"$47,750","$5,306",9,"$142,900","$15,878"
Southfield,Richmond,4,"$5,900","$1,475",0,$0,,3,"$8,900","$2,967"
Westfield_R,Richmond,21,"$224,300","$10,681",10,"$25,950","$2,595",17,"$308,300","$18,135"
Clarkstown,Rockland,4,"$116,000","$29,000",3,"$56,000","$18,667",3,"$9,900","$3,300"
Haverstraw,Rockland,25,"$483,050","$19,322",24,"$161,294","$6,721",24,"$388,390","$16,183"
Orangetown,Rockland,2,"$28,000","$14,000",2,"$17,000","$8,500",2,"$64,000","$32,000"
Ramapo,Rockland,16,"$328,690","$20,543",16,"$750,671","$46,917",16,"$969,643","$60,603"
Stony Point,Rockland,13,"$110,000","$8,462",12,"$15,950","$1,329",14,"$237,250","$16,946"
Ballston,Saratoga,1,$500,$500,2,$800,$400,2,"$1,600",$800
Charlton,Saratoga,0,$0,,1,"$4,000","$4,000",1,"$4,380","$4,380"
Clifton Park,Saratoga,5,"$22,600","$4,520",5,"$10,342","$2,068",5,"$28,375","$5,675"
Corinth,Saratoga,2,"$10,000","$5,000",3,"$3,500","$1,167",3,"$8,900","$2,967"
Day,Saratoga,1,"$2,500","$2,500",1,$200,$200,1,"$1,125","$1,125"
Edinburg,Saratoga,7,"$17,700","$2,529",6,"$14,200","$2,367",7,"$45,920","$6,560"
Galway,Saratoga,0,$0,,0,$0,,0,$0,
Greenfield,Saratoga,15,"$37,710","$2,514",12,"$25,720","$2,143",15,"$74,122","$4,941"
Hadley,Saratoga,0,$0,,0,$0,,0,$0,
Half Moon,Saratoga,6,"$24,500","$4,083",1,$200,$200,6,"$35,900","$5,983"
Malta,Saratoga,2,"$2,000","$1,000",2,"$1,646",$823,1,"$1,885","$1,885"
Milton,Saratoga,13,"$87,450","$6,727",12,"$163,645","$13,637",14,"$309,665","$22,119"
Moreau,Saratoga,6,"$14,050","$2,342",3,"$9,004","$3,001",6,"$42,410","$7,068"
Northumberland,Saratoga,2,"$1,200",$600,1,$600,$600,2,"$1,400",$700
Providence,Saratoga,10,"$18,825","$1,883",9,"$4,496",$500,9,"$21,380","$2,376"
Saratoga,Saratoga,8,"$3,650",$456,8,"$11,816","$1,477",8,"$25,210","$3,151"
Saratoga Springs,Saratoga,25,"$51,300","$2,052",24,"$95,511","$3,980",23,"$139,882","$6,082"
Stillwater,Saratoga,3,"$105,000","$35,000",2,"$117,000","$58,500",3,"$237,417","$79,139"
Waterford,Saratoga,16,"$192,960","$12,060",11,"$59,130","$5,375",12,"$170,150","$14,179"
Wilton,Saratoga,0,$0,,0,$0,,0,$0,
Duanesburg,Schenectady,6,"$4,300",$717,7,"$11,980","$1,711",9,"$19,675","$2,186"
Glenville,Schenectady,20,"$55,825","$2,791",20,"$29,918","$1,496",17,"$155,329","$9,137"
Niskayuna,Schenectady,0,$0,,0,$0,,0,$0,
Princetown,Schenectady,0,$0,,0,$0,,0,$0,
Rotterdam,Schenectady,10,"$137,949","$13,795",10,"$139,516","$13,952",10,"$263,270","$26,327"
Schenectady,Schenectady,13,"$583,600","$44,892",9,"$631,677","$70,186",9,"$1,192,678","$132,520"
Blenheim,Schoharie,3,"$2,300",$767,0,$0,,3,"$2,300",$767
Broome,Schoharie,3,"$1,200",$400,3,$185,$62,3,$725,$242
Carlisle,Schoharie,1,$400,$400,1,"$1,000","$1,000",1,"$1,440","$1,440"
Cobleskill,Schoharie,10,"$21,200","$2,120",10,"$24,230","$2,423",10,"$29,201","$2,920"
Conesville,Schoharie,0,$0,,0,$0,,0,$0,
Esperance,Schoharie,14,"$7,690",$549,13,"$12,075",$929,13,"$12,500",$962
Fulton,Schoharie,2,"$3,700","$1,850",2,"$2,300","$1,150",2,"$7,000","$3,500"
Gilboa,Schoharie,3,"$1,200",$400,3,$725,$242,3,"$1,917",$639
Jefferson,Schoharie,0,$0,,0,$0,,0,$0,
Middleburgh,Schoharie,4,"$2,900",$725,2,"$1,725",$863,4,"$6,010","$1,503"
Middletown_S [Middleburgh],Schoharie,1,"$2,000","$2,000",1,$450,$450,0,$0,
Richmondville,Schoharie,19,"$17,835",$939,19,"$13,394",$705,19,"$29,393","$1,547"
Schoharie,Schoharie,8,"$91,200","$11,400",7,"$35,675","$5,096",8,"$93,910","$11,739"
Seward,Schoharie,0,$0,,0,$0,,0,$0,
Sharon,Schoharie,2,"$7,200","$3,600",1,"$6,000","$6,000",2,"$8,050","$4,025"
Summit,Schoharie,0,$0,,0,$0,,0,$0,
Wright,Schoharie,1,"$1,500","$1,500",1,"$1,000","$1,000",1,"$4,000","$4,000"
Catherine,Schuyler,7,"$5,700",$814,6,"$2,310",$385,5,"$4,975",$995
Cayuta,Schuyler,0,$0,,0,$0,,0,$0,
Dix,Schuyler,30,"$53,670","$1,789",28,"$127,709","$4,561",28,"$187,850","$6,709"
Hector,Schuyler,8,"$4,175",$522,8,"$1,540",$193,8,"$5,900",$738
Montour,Schuyler,19,"$19,500","$1,026",13,"$13,902","$1,069",14,"$43,300","$3,093"
Orange,Schuyler,2,"$10,250","$5,125",1,"$34,200","$34,200",1,"$36,000","$36,000"
Reading,Schuyler,5,"$13,500","$2,700",5,"$9,410","$1,882",4,"$18,600","$4,650"
Tyrone,Schuyler,13,"$6,335",$487,12,"$15,605","$1,300",13,"$28,274","$2,175"
Covert,Seneca,6,"$14,000","$2,333",6,"$13,560","$2,260",5,"$31,627","$6,325"
Fayette,Seneca,16,"$35,000","$2,188",14,"$12,186",$870,15,"$28,339","$1,889"
Junius,Seneca,0,$0,,0,$0,,0,$0,
Lodi,Seneca,0,$0,,1,$285,$285,2,"$3,340","$1,670"
Ovid,Seneca,7,"$23,860","$3,409",7,"$9,996","$1,428",7,"$16,810","$2,401"
Romulus,Seneca,14,"$11,360",$811,9,"$3,130",$348,3,"$6,076","$2,025"
Seneca Falls,Seneca,21,"$419,500","$19,976",21,"$970,199","$46,200",20,"$1,351,797","$67,590"
Tyre,Seneca,3,"$2,800",$933,3,"$1,010",$337,3,"$2,260",$753
Varick,Seneca,3,"$3,450","$1,150",4,"$5,040","$1,260",4,"$10,835","$2,709"
Waterloo,Seneca,18,"$200,300","$11,128",15,"$403,255","$26,884",14,"$665,790","$47,556"
Brasher,St. Lawrence,18,"$112,650","$6,258",16,"$42,544","$2,659",19,"$104,645","$5,508"
Canton,St. Lawrence,40,"$56,890","$1,422",34,"$44,630","$1,313",38,"$112,299","$2,955"
Colton,St. Lawrence,3,"$14,000","$4,667",3,"$2,890",$963,3,"$9,376","$3,125"
De Kalb,St. Lawrence,0,$0,,0,$0,,0,$0,
De Peyster,St. Lawrence,0,$0,,0,$0,,3,"$1,500",$500
Edwards,St. Lawrence,0,$0,,0,$0,,0,$0,
Fine,St. Lawrence,0,$0,,0,$0,,0,$0,
Fowler,St. Lawrence,7,"$9,800","$1,400",6,"$3,845",$641,6,"$4,135",$689
Gouverneur,St. Lawrence,3,"$25,500","$8,500",3,"$5,850","$1,950",3,"$19,028","$6,343"
Hammond,St. Lawrence,4,"$2,650",$663,4,"$2,482",$621,3,"$4,040","$1,347"
Hermon,St. Lawrence,5,"$8,300","$1,660",6,"$3,375",$563,5,"$6,830","$1,366"
Hopkinton,St. Lawrence,15,"$11,450",$763,12,"$11,064",$922,16,"$22,175","$1,386"
Lawrence,St. Lawrence,10,"$16,525","$1,653",9,"$7,334",$815,10,"$16,061","$1,606"
Lisbon,St. Lawrence,2,"$1,775",$888,0,$0,,1,$540,$540
Louisville,St. Lawrence,1,"$3,500","$3,500",1,"$2,000","$2,000",1,$400,$400
Macomb,St. Lawrence,2,"$23,000","$11,500",1,"$1,425","$1,425",1,$670,$670
Madrid,St. Lawrence,12,"$41,400","$3,450",11,"$21,330","$1,939",12,"$44,300","$3,692"
Massena,St. Lawrence,7,"$2,400",$343,7,"$4,560",$651,7,"$11,825","$1,689"
Morristown,St. Lawrence,2,$600,$300,2,"$1,160",$580,1,$900,$900
Norfolk,St. Lawrence,15,"$7,865",$524,18,"$18,283","$1,016",18,"$44,500","$2,472"
Oswegatchie,St. Lawrence,74,"$394,675","$5,333",69,"$357,496","$5,181",72,"$619,691","$8,607"
Parishville,St. Lawrence,15,"$11,930",$795,10,"$7,573",$757,11,"$18,880","$1,716"
Pierrepont,St. Lawrence,2,"$1,050",$525,1,"$1,500","$1,500",2,"$5,000","$2,500"
Pitcairn,St. Lawrence,0,$0,,0,$0,,0,$0,
Potsdam,St. Lawrence,30,"$60,110","$2,004",25,"$20,528",$821,29,"$94,225","$3,249"
Rossie,St. Lawrence,6,"$55,500","$9,250",4,"$4,686","$1,172",6,"$47,510","$7,918"
Russell,St. Lawrence,0,$0,,0,$0,,0,$0,
Stockholm,St. Lawrence,11,"$9,425",$857,10,"$4,532",$453,11,"$13,022","$1,184"
Waddington,St. Lawrence,19,"$48,150","$2,534",18,"$35,850","$1,992",19,"$67,480","$3,552"
Addison,Steuben,2,"$30,000","$15,000",2,"$52,500","$26,250",2,"$88,000","$44,000"
Avoca,Steuben,6,"$6,800","$1,133",6,"$9,500","$1,583",26,"$22,600",$869
Bath,Steuben,9,"$31,600","$3,511",7,"$9,657","$1,380",9,"$36,363","$4,040"
Bradford,Steuben,2,"$1,200",$600,2,$426,$213,2,"$1,200",$600
Cameron,Steuben,3,"$1,200",$400,3,$230,$77,3,"$1,050",$350
Campbell,Steuben,1,"$2,000","$2,000",1,"$1,200","$1,200",1,"$3,750","$3,750"
Canisteo,Steuben,0,$0,,0,$0,,0,$0,
Caton,Steuben,0,$0,,0,$0,,0,$0,
Cohocton,Steuben,6,"$6,600","$1,100",6,"$3,325",$554,6,"$44,300","$7,383"
Corning,Steuben,47,"$303,050","$6,448",46,"$260,211","$5,657",47,"$566,386","$12,051"
Dansville,Steuben,0,$0,,0,$0,,0,$0,
Erwin,Steuben,4,"$53,800","$13,450",4,"$42,200","$10,550",4,"$51,600","$12,900"
Fremont_St,Steuben,5,"$1,800",$360,3,"$2,480",$827,3,"$1,500",$500
Greenwood,Steuben,0,$0,,0,$0,,0,$0,
Hartsville,Steuben,2,"$1,300",$650,2,$220,$110,2,$650,$325
Hornby,Steuben,0,$0,,0,$0,,0,$0,
Hornellsville,Steuben,13,"$38,600","$2,969",12,"$22,567","$1,881",12,"$49,708","$4,142"
Howard,Steuben,11,"$3,655",$332,11,"$2,302",$209,11,"$7,842",$713
Jasper,Steuben,19,"$5,750",$303,18,"$3,650",$203,15,"$8,985",$599
Lindley,Steuben,0,$0,,0,$0,,0,$0,
Prattsburgh,Steuben,5,"$11,250","$2,250",4,"$2,500",$625,5,"$11,175","$2,235"
Pultney,Steuben,0,$0,,0,$0,,0,$0,
Rathbone,Steuben,5,"$11,550","$2,310",5,"$7,250","$1,450",5,"$18,380","$3,676"
Thurston,Steuben,0,$0,,0,$0,,0,$0,
Troupsburgh,Steuben,1,"$1,500","$1,500",3,"$2,010",$670,3,"$3,800","$1,267"
Tuscarora,Steuben,4,"$1,475",$369,4,"$1,100",$275,4,"$1,900",$475
Urbana,Steuben,1,"$1,000","$1,000",1,"$1,000","$1,000",0,$0,
Wayland,Steuben,0,$0,,0,$0,,0,$0,
Wayne,Steuben,2,"$2,100","$1,050",2,"$1,075",$538,2,"$2,280","$1,140"
West Union,Steuben,0,$0,,0,$0,,0,$0,
Wheeler,Steuben,0,$0,,0,$0,,0,$0,
Woodhull,Steuben,0,$0,,0,$0,,0,$0,
Brookhaven,Suffolk,11,"$182,400","$16,582",8,"$105,400","$13,175",9,"$235,051","$26,117"
East Hampton,Suffolk,3,"$1,300",$433,3,"$1,200",$400,3,"$5,500","$1,833"
Huntington,Suffolk,30,"$66,525","$2,218",29,"$38,913","$1,342",30,"$102,838","$3,428"
Islip,Suffolk,7,"$38,750","$5,536",3,"$37,207","$12,402",7,"$32,800","$4,686"
Riverhead,Suffolk,0,$0,,0,$0,,0,$0,
Shelter Island,Suffolk,12,"$92,500","$7,708",7,"$26,150","$3,736",9,"$151,600","$16,844"
Smithtown,Suffolk,3,"$2,700",$900,3,"$2,250",$750,3,"$4,000","$1,333"
Southampton,Suffolk,10,"$20,500","$2,050",7,"$4,600",$657,7,"$65,690","$9,384"
Southold,Suffolk,15,"$131,700","$8,780",7,"$55,400","$7,914",14,"$143,330","$10,238"
Bethel,Sullivan,0,$0,,0,$0,,0,$0,
Callicoon,Sullivan,5,"$4,150",$830,5,"$2,386",$477,5,"$8,400","$1,680"
Cochecton,Sullivan,4,"$2,700",$675,3,"$1,500",$500,4,"$4,300","$1,075"
Fallsburgh,Sullivan,7,"$8,800","$1,257",7,"$3,236",$462,7,"$10,058","$1,437"
Forrestburgh,Sullivan,5,"$2,850",$570,2,"$1,800",$900,5,"$7,700","$1,540"
Fremont_Su,Sullivan,1,"$1,500","$1,500",1,"$2,750","$2,750",1,"$37,450","$37,450"
Highland,Sullivan,0,$0,,0,$0,,0,$0,
Liberty,Sullivan,1,$600,$600,1,$400,$400,1,$700,$700
Lumberland,Sullivan,0,$0,,0,$0,,0,$0,
Mamakating,Sullivan,16,"$29,375","$1,836",9,"$9,015","$1,002",7,"$13,760","$1,966"
Neversink,Sullivan,1,"$1,000","$1,000",1,"$2,500","$2,500",1,"$2,000","$2,000"
Rockland,Sullivan,6,"$1,150",$192,1,$100,$100,6,"$5,100",$850
Thompson,Sullivan,0,$0,,0,$0,,0,$0,
Tusten,Sullivan,0,$0,,0,$0,,0,$0,
Barton,Tioga,4,"$28,200","$7,050",4,"$16,700","$4,175",4,"$37,400","$9,350"
Berkshire,Tioga,5,"$3,800",$760,5,"$2,116",$423,5,"$5,300","$1,060"
Candor,Tioga,4,"$13,400","$3,350",4,"$12,900","$3,225",6,"$40,550","$6,758"
Newark Valley,Tioga,8,"$3,355",$419,8,"$5,516",$690,10,"$7,867",$787
Nicholes,Tioga,3,"$8,000","$2,667",3,$900,$300,3,"$3,500","$1,167"
Owego,Tioga,5,"$3,375",$675,3,"$3,975","$1,325",4,"$2,985",$746
Richford,Tioga,3,"$1,050",$350,3,$214,$71,2,"$1,500",$750
Spencer,Tioga,3,"$1,500",$500,3,$854,$285,3,"$1,928",$643
Tioga,Tioga,5,"$3,220",$644,4,"$3,695",$924,5,"$3,130",$626
Caroline,Tompkins,7,"$7,625","$1,089",7,"$3,461",$494,7,"$9,082","$1,297"
Danby,Tompkins,0,$0,,0,$0,,0,$0,
Dryden,Tompkins,19,"$21,140","$1,113",18,"$14,014",$779,19,"$40,065","$2,109"
Enfield,Tompkins,0,$0,,0,$0,,0,$0,
Groton,Tompkins,8,"$39,800","$4,975",8,"$23,925","$2,991",7,"$33,235","$4,748"
Ithaca,Tompkins,33,"$191,925","$5,816",30,"$113,697","$3,790",30,"$320,333","$10,678"
Lansing ,Tompkins,3,"$4,650","$1,550",3,"$1,378",$459,3,"$5,502","$1,834"
Newfield,Tompkins,4,"$5,350","$1,338",3,"$1,975",$658,4,"$5,427","$1,357"
Ulysses,Tompkins,14,"$80,650","$5,761",17,"$49,508","$2,912",18,"$84,631","$4,702"
Denning,Ulster,2,"$1,100",$550,2,"$2,000","$1,000",2,"$4,000","$2,000"
Esopus,Ulster,6,"$74,650","$12,442",5,"$173,989","$34,798",5,"$464,980","$92,996"
Gardiner,Ulster,3,"$12,000","$4,000",3,"$6,200","$2,067",3,"$14,800","$4,933"
Hardenburgh,Ulster,0,$0,,0,$0,,0,$0,
Hurley,Ulster,2,"$3,300","$1,650",0,$0,,2,"$17,360","$8,680"
Kingston,Ulster,23,"$579,600","$25,200",12,"$227,681","$18,973",18,"$858,323","$47,685"
Lloyd,Ulster,10,"$24,700","$2,470",10,"$24,280","$2,428",11,"$64,372","$5,852"
Marbletown,Ulster,8,"$179,200","$22,400",2,"$1,520",$760,8,"$59,960","$7,495"
Marlborough,Ulster,6,"$41,800","$6,967",6,"$12,400","$2,067",5,"$28,475","$5,695"
New Paltz,Ulster,1,"$4,000","$4,000",1,"$1,000","$1,000",0,$0,
Olive,Ulster,14,"$4,000",$286,6,"$2,160",$360,7,"$4,462",$637
Plattekill,Ulster,0,$0,,0,$0,,0,$0,
Rochester_U,Ulster,22,"$12,160",$553,17,"$11,878",$699,10,"$5,000",$500
Rosendale,Ulster,8,"$562,000","$70,250",0,$0,,7,"$527,379","$75,340"
Saugerties,Ulster,47,"$773,000","$16,447",43,"$693,282","$16,123",45,"$1,094,374","$24,319"
Shandaken,Ulster,8,"$43,000","$5,375",8,"$8,060","$1,008",6,"$45,275","$7,546"
Shawangunk,Ulster,3,"$8,500","$2,833",2,"$13,000","$6,500",3,"$27,600","$9,200"
Wawarsing,Ulster,32,"$229,620","$7,176",27,"$243,068","$9,003",30,"$559,590","$18,653"
Woodstock,Ulster,6,"$2,450",$408,6,"$1,460",$243,6,"$3,628",$605
Bolton,Warren,0,$0,,0,$0,,0,$0,
Caldwell,Warren,5,$450,$90,1,$300,$300,4,"$1,800",$450
Chester_W,Warren,4,"$1,750",$438,4,"$2,900",$725,4,"$8,050","$2,013"
Glens Falls [Queensbury],Warren,5,"$18,000","$3,600",0,$0,,3,"$15,400","$5,133"
Hague,Warren,0,$0,,0,$0,,0,$0,
Horicon,Warren,2,"$1,500",$750,1,$50,$50,0,$0,
Johnsburgh,Warren,4,"$1,700",$425,3,"$1,350",$450,4,"$3,500",$875
Lake Luzerne,Warren,6,"$2,800",$467,0,$0,,0,$0,
Queensbury,Warren,26,"$190,550","$7,329",21,"$78,184","$3,723",26,"$257,000","$9,885"
Stony Creek,Warren,4,"$3,400",$850,5,"$3,100",$620,5,"$10,070","$2,014"
Thurman,Warren,0,$0,,0,$0,,0,$0,
Warrensburgh,Warren,2,"$6,800","$3,400",2,"$4,300","$2,150",2,"$12,620","$6,310"
Argyle,Washington,20,"$11,200",$560,18,"$15,737",$874,19,"$29,625","$1,559"
Cambridge,Washington,5,"$6,300","$1,260",5,"$14,700","$2,940",5,"$26,400","$5,280"
Dresden,Washington,0,$0,,0,$0,,0,$0,
Easton,Washington,6,"$58,600","$9,767",5,"$37,200","$7,440",5,"$75,000","$15,000"
Fort Ann,Washington,4,"$27,200","$6,800",1,"$1,000","$1,000",2,"$26,500","$13,250"
Fort Edward,Washington,15,"$70,130","$4,675",14,"$43,430","$3,102",12,"$77,380","$6,448"
Granville,Washington,13,"$358,200","$27,554",5,"$8,200","$1,640",12,"$93,043","$7,754"
Greenwich,Washington,23,"$69,675","$3,029",23,"$112,280","$4,882",23,"$223,523","$9,718"
Hampton,Washington,4,"$53,000","$13,250",1,"$35,000","$35,000",4,"$80,000","$20,000"
Hartford,Washington,0,$0,,0,$0,,0,$0,
Hebron,Washington,6,"$5,000",$833,5,"$33,000","$6,600",6,"$24,300","$4,050"
Jackson,Washington,4,"$14,050","$3,513",3,"$12,100","$4,033",3,"$16,010","$5,337"
Kingsbury,Washington,9,"$53,400","$5,933",8,"$21,250","$2,656",9,"$57,570","$6,397"
Putnam,Washington,2,$950,$475,2,"$1,380",$690,2,"$2,105","$1,053"
Salem,Washington,4,"$38,250","$9,563",6,"$3,400",$567,7,"$58,300","$8,329"
White Creek,Washington,11,"$21,375","$1,943",11,"$28,955","$2,632",8,"$31,755","$3,969"
Whitehall,Washington,8,"$25,000","$3,125",7,"$23,050","$3,293",7,"$40,450","$5,779"
Arcadia,Wayne,8,"$9,775","$1,222",3,"$6,790","$2,263",8,"$28,215","$3,527"
Butler,Wayne,0,$0,,0,$0,,0,$0,
Galen,Wayne,19,"$128,350","$6,755",19,"$95,100","$5,005",19,"$152,585","$8,031"
Huron,Wayne,0,$0,,0,$0,,0,$0,
Lyons,Wayne,16,"$72,750","$4,547",9,"$41,020","$4,558",12,"$75,152","$6,263"
Macedon,Wayne,7,"$17,600","$2,514",7,"$32,800","$4,686",7,"$56,833","$8,119"
Marion,Wayne,8,"$18,300","$2,288",1,$175,$175,8,"$18,800","$2,350"
Ontario,Wayne,2,"$1,000",$500,2,$460,$230,1,$500,$500
Palmyra,Wayne,14,"$52,410","$3,744",13,"$26,296","$2,023",14,"$50,221","$3,587"
Rosendale_W,Wayne,0,$0,,0,$0,,0,$0,
Savannah,Wayne,1,"$7,000","$7,000",1,"$3,000","$3,000",1,"$12,000","$12,000"
Sodus,Wayne,16,"$11,380",$711,16,"$7,450",$466,16,"$14,620",$914
Walworth,Wayne,1,"$2,300","$2,300",1,"$3,340","$3,340",1,"$3,500","$3,500"
Williamson,Wayne,15,"$14,700",$980,14,"$12,495",$893,14,"$24,965","$1,783"
Wolcott,Wayne,8,"$18,700","$2,338",6,"$9,545","$1,591",8,"$21,620","$2,703"
Bedford,Westchester,0,$0,,0,$0,,0,$0,
Cortlandt,Westchester,30,"$661,100","$22,037",29,"$247,850","$8,547",28,"$765,700","$27,346"
Eastchester,Westchester,14,"$174,700","$12,479",11,"$29,064","$2,642",13,"$319,029","$24,541"
Greenburgh,Westchester,18,"$290,300","$16,128",17,"$1,842,821","$108,401",11,"$2,030,963","$184,633"
Harrison,Westchester,0,$0,,0,$0,,0,$0,
Lewisboro,Westchester,3,"$7,000","$2,333",3,"$19,500","$6,500",3,"$31,500","$10,500"
Mamaroneck,Westchester,0,$0,,0,$0,,0,$0,
Morrisania,Westchester,13,"$230,800","$17,754",12,"$199,245","$16,604",12,"$292,840","$24,403"
Mount Pleasant,Westchester,7,"$4,800",$686,7,"$12,052","$1,722",7,"$18,900","$2,700"
New Castle,Westchester,3,"$14,200","$4,733",2,"$3,640","$1,820",3,"$13,675","$4,558"
New Rochelle,Westchester,0,$0,,0,$0,,0,$0,
North Castle,Westchester,7,"$9,400","$1,343",7,"$19,035","$2,719",7,"$36,200","$5,171"
North Salem,Westchester,0,$0,,0,$0,,0,$0,
Ossining,Westchester,9,"$219,400","$24,378",8,"$153,558","$19,195",9,"$368,800","$40,978"
Pelham,Westchester,19,"$24,700","$1,300",0,$0,,19,"$18,560",$977
Poundridge,Westchester,1,"$6,000","$6,000",1,"$43,350","$43,350",1,"$60,000","$60,000"
Rye,Westchester,6,"$67,300","$11,217",1,$200,$200,1,"$20,000","$20,000"
Scarsdale,Westchester,0,$0,,0,$0,,0,$0,
Somers,Westchester,1,"$2,500","$2,500",1,$60,$60,1,"$1,500","$1,500"
West Chester,Westchester,15,"$68,640","$4,576",15,"$44,608","$2,974",15,"$119,623","$7,975"
West Farms,Westchester,24,"$365,498","$15,229",13,"$195,027","$15,002",20,"$406,190","$20,310"
White Plains,Westchester,0,$0,,0,$0,,0,$0,
Yonkers,Westchester,24,"$2,071,000","$86,292",21,"$1,591,548","$75,788",19,"$3,051,147","$160,587"
Yorktown,Westchester,1,"$75,000","$75,000",0,$0,,0,$0,
Bennington,Wyoming,7,"$7,300","$1,043",7,"$5,975",$854,7,"$11,400","$1,629"
Italy,Wyoming,11,"$2,150",$195,1,$400,$400,1,$800,$800
Jerusalem,Wyoming,1,"$1,500","$1,500",1,$700,$700,1,"$1,600","$1,600"
Middlesex,Wyoming,0,$0,,0,$0,,0,$0,
Perry,Wyoming,12,"$20,100","$1,675",12,"$10,550",$879,11,"$24,300","$2,209"
Potter,Wyoming,9,"$15,850","$1,761",6,"$12,800","$2,133",4,"$2,905",$726
Starkey,Wyoming,11,"$17,290","$1,572",11,"$8,993",$818,11,"$19,898","$1,809"
Torrey,Wyoming,4,"$4,000","$1,000",4,"$5,154","$1,289",4,"$33,213","$8,303"
Attica,Yates,5,"$23,500","$4,700",5,"$2,300",$460,5,"$10,600","$2,120"
Barrington,Yates,0,$0,,0,$0,,0,$0,
Benton,Yates,8,"$35,325","$4,416",7,"$19,115","$2,731",4,"$47,860","$11,965"
Castile,Yates,0,$0,,0,$0,,0,$0,
China,Yates,13,"$23,450","$1,804",13,"$9,750",$750,13,"$20,025","$1,540"
Covington,Yates,8,"$4,600",$575,8,"$1,940",$243,8,"$6,208",$776
Eagle,Yates,8,$158,$20,5,$141,$28,7,"$1,135",$162
Gainesville,Yates,4,"$3,700",$925,4,"$6,490","$1,623",4,"$11,000","$2,750"
Genesee Falls,Yates,0,$0,,0,$0,,0,$0,
Java,Yates,0,$0,,0,$0,,0,$0,
Middlebury,Yates,4,"$1,400",$350,4,$950,$238,4,"$4,000","$1,000"
Milo,Yates,20,"$77,880","$3,894",20,"$92,138","$4,607",19,"$114,975","$6,051"
Orangeville,Yates,1,$400,$400,0,$0,,0,$0,
Pike,Yates,8,"$8,250","$1,031",8,"$7,657",$957,8,"$16,365","$2,046"
Sheldon,Yates,4,"$2,200",$550,4,"$3,341",$835,4,"$6,355","$1,589"
Warsaw,Yates,12,"$30,600","$2,550",12,"$17,991","$1,499",12,"$47,968","$3,997"
Wethersfield,Yates,7,"$2,450",$350,7,"$2,800",$400,7,"$8,899","$1,271"